{"cameraMode":{"drawMode":0,"name":"Shaded","section":"Shading Mode"},"sceneLighting":true,"audioPlay":false,"sceneViewState":{"m_AlwaysRefresh":false,"showFog":true,"showSkybox":true,"showFlares":true,"showImageEffects":true,"showParticleSystems":true,"showVisualEffectGraphs":true,"m_FxEnabled":true},"in2DMode":false,"pivot":{"x":30.26289176940918,"y":13.386209487915039,"z":-93.17095184326172},"rotation":{"x":0.04206780344247818,"y":0.9554059505462647,"z":-0.24226318299770356,"w":0.16647787392139436},"size":27.89548683166504,"orthographic":false}