{"cameraMode":{"drawMode":0,"name":"Shaded","section":"Shading Mode"},"sceneLighting":true,"audioPlay":false,"sceneViewState":{"m_AlwaysRefresh":false,"showFog":true,"showSkybox":true,"showFlares":true,"showImageEffects":true,"showParticleSystems":true,"showVisualEffectGraphs":true,"m_FxEnabled":true},"in2DMode":false,"pivot":{"x":-65.03556823730469,"y":6.65723991394043,"z":22.860355377197267},"rotation":{"x":0.013717408291995526,"y":-0.9839987754821777,"z":0.11276987940073013,"w":0.14336319267749787},"size":25.75706672668457,"orthographic":false}