{"cameraMode":{"drawMode":0,"name":"Shaded","section":"Shading Mode"},"sceneLighting":true,"audioPlay":false,"sceneViewState":{"m_AlwaysRefresh":false,"showFog":true,"showSkybox":true,"showFlares":true,"showImageEffects":true,"showParticleSystems":true,"showVisualEffectGraphs":true,"m_FxEnabled":true},"in2DMode":false,"pivot":{"x":39.420291900634769,"y":41.84689712524414,"z":-231.9279327392578},"rotation":{"x":0.0008108254405669868,"y":1.0000927448272706,"z":0.0133213447406888,"w":0.032166630029678348},"size":12.12435531616211,"orthographic":false}