{"cameraMode":{"drawMode":0,"name":"Shaded","section":"Shading Mode"},"sceneLighting":true,"audioPlay":false,"sceneViewState":{"m_AlwaysRefresh":false,"showFog":true,"showSkybox":true,"showFlares":true,"showImageEffects":true,"showParticleSystems":true,"showVisualEffectGraphs":true,"m_FxEnabled":true},"in2DMode":false,"pivot":{"x":18.676118850708009,"y":4.977649688720703,"z":-508.44781494140627},"rotation":{"x":0.3637726604938507,"y":-0.38070738315582278,"z":0.16862475872039796,"w":0.8341604471206665},"size":32.13898849487305,"orthographic":false}