{"cameraMode":{"drawMode":0,"name":"Shaded","section":"Shading Mode"},"sceneLighting":true,"audioPlay":false,"sceneViewState":{"m_AlwaysRefresh":false,"showFog":true,"showSkybox":true,"showFlares":true,"showImageEffects":true,"showParticleSystems":true,"showVisualEffectGraphs":true,"m_FxEnabled":true},"in2DMode":false,"pivot":{"x":-240.28225708007813,"y":-49.355995178222659,"z":-297.3575134277344},"rotation":{"x":0.026611488312482835,"y":-0.9434835910797119,"z":0.0856800302863121,"w":0.3220040798187256},"size":163.74832153320313,"orthographic":false}